image_file,pred_lat,pred_lon,pred_alt,lat,lon,alt,err_E_m,err_N_m,err_horiz_m,err_alt_m,err_3d_m
img_0001.jpg,14.30473384484458,101.17287208959712,45.16665454864502,14.3047389,101.1728838,44.34,1.2631784921355795,0.5627373271904695,1.382856898745271,0.826654548645017,1.6111024005949732
img_0002.jpg,14.30474998750485,101.17286518169672,44.92554407119752,14.304753,101.1728665,44.77,0.14220281323640138,0.3353494260411657,0.36425386427392376,0.155544071197518,0.39607428056260435
img_0003.jpg,14.30477502364818,101.17284641636655,45.4705160522461,14.3047713,101.1728496,45.14,0.34341232232854996,-0.4145146191943314,0.5382883917129455,0.3305160522460966,0.6316607107025527
img_0004.jpg,14.304805212789844,101.17283929175908,45.43713764190674,14.3047918,101.1728337,45.41,-0.6031720618626811,-1.493104935565183,1.6103350225405848,0.02713764190674084,1.6105636704051922
img_0005.jpg,14.30481867236442,101.17281609424926,45.78589740753174,14.3048116,101.1728167,45.57,0.0653411371904343,-0.7872920057772018,0.7899988396004317,0.2158974075317417,0.8189687766630396
img_0006.jpg,14.304840868051024,101.17278895776784,45.59252859115601,14.3048344,101.1727976,45.77,0.9322204357403223,-0.7200201462806494,1.1779065972571352,0.17747140884399215,1.191201096716652
img_0007.jpg,14.304865572473863,101.17277087478088,45.57825639724732,14.3048607,101.1727772,45.94,0.6822887587488708,-0.5424013092887144,0.8716175369008968,0.36174360275267503,0.9437031126184079
img_0008.jpg,14.304894294606193,101.17273992284694,45.778660469055175,14.3048901,101.1727548,46.02,1.6047685929426239,-0.46694142548898493,1.6713217917961618,0.24133953094482763,1.6886566557264986
img_0009.jpg,14.304927384473782,101.17272479712736,46.10184150695801,14.3049207,101.1727311,46.01,0.6798781038720578,-0.7441122175891544,1.007937115345056,0.09184150695801208,1.0121126868538064
img_0010.jpg,14.304948502865006,101.17270220145586,46.14601900100708,14.3049491,101.1727087,46.02,0.7009847154007444,0.0664727634553495,0.7041293911681669,0.12601900100708008,0.7153174037598106
img_0011.jpg,14.304954776484788,101.17270139901936,45.9174864768982,14.3049606,101.1726977,45.91,-0.39900566573876495,0.6482707479587579,0.7612230185370398,0.007486476898201033,0.761259831652104
img_0012.jpg,14.304945814330354,101.17269431721216,46.04221057891846,14.3049542,101.1726993,45.94,0.537483169269811,0.933488474830293,1.0771670668421431,0.1022105789184593,1.0820054955184621
img_0013.jpg,14.30492586252426,101.17270897710536,47.2755850982666,14.3049374,101.1727112,45.96,0.23977913359167638,1.2843459243310198,1.3065368292748873,1.3155850982666024,1.8541312351160104
img_0014.jpg,14.304900598613814,101.17273169317887,45.71030416488648,14.3049148,101.1727306,45.96,-0.11791900008087026,1.5808910787986314,1.5852827803282203,0.24969583511352056,1.604826938856091
img_0015.jpg,14.304881173520378,101.17275857157074,45.98794269561768,14.3048907,101.1727491,45.93,-1.0216793226471144,1.0604828604798113,1.472566648982689,0.05794269561768317,1.4737061754880276
img_0016.jpg,14.304857599045029,101.17277193404584,45.86619808197022,14.3048659,101.1727677,45.86,-0.45671807550511245,0.9240580804148661,1.030764151720994,0.006198081970218539,1.030782786378008
img_0017.jpg,14.304837770529405,101.17279324428918,46.189653949737554,14.3048414,101.1727866,45.85,-0.7167062851329355,0.40403081860334955,0.8227446757836511,0.3396539497375528,0.8900975267366297
img_0018.jpg,14.304829185091071,101.17279785610188,46.108091907501226,14.3048322,101.1727948,45.83,-0.32965565568028893,0.3356181267347029,0.47043849578336194,0.2780919075012278,0.546486493275528
img_0019.jpg,14.304828131151051,101.17280831756533,45.95570560455322,14.3048227,101.1728019,45.91,-0.6922500765366564,-0.6045929693821772,0.9190989212763577,0.04570560455322692,0.9202346599530689
img_0020.jpg,14.30480006217725,101.17282164342964,45.99999929428101,14.3048055,101.1728148,46.04,-0.738187292022938,0.6053356595885153,0.9546474421867062,0.04000070571898817,0.9554851099476316
img_0021.jpg,14.30477626923615,101.1728301112947,46.06740447998048,14.3047847,101.1728308,46.19,0.07428929301313879,0.9385083388468632,0.94144399787852,0.1225955200195159,0.9493926809652296
img_0022.jpg,14.304769938345617,101.17283595367736,46.698855056762696,14.3047755,101.1728378,46.15,0.19915921655294028,0.6191205339123543,0.6503649967901868,0.5488550567626973,0.8510091082849134
img_0023.jpg,14.304773063803886,101.17283038620856,46.81264854431153,14.3047764,101.1728364,46.46,0.6486959314589321,0.37138365260080203,0.7474839322089035,0.3526485443115277,0.8264945400397539
img_0024.jpg,14.304779313499116,101.17283487209386,46.80103256225586,14.3047773,101.1728363,46.64,0.15402544301829924,-0.22414169639163653,0.2719620141826868,0.16103256225586193,0.316061423247115
img_0025.jpg,14.304779174952872,101.1728326147377,47.2547685623169,14.3047794,101.1728353,46.81,0.2896539918323322,0.025052131648916898,0.29073535093717007,0.4447685623168951,0.5313625112011546
img_0026.jpg,14.304778170516418,101.1728260677842,47.72756256103516,14.3047782,101.1728305,47.0,0.4780944510629063,0.0032820973125394044,0.4781057166567984,0.7275625610351568,0.8705931061752942
img_0027.jpg,14.30476992244046,101.17281362957073,47.219714393615725,14.3047717,101.1728179,47.13,0.4606428694877169,0.19787702279876043,0.5013453593697452,0.08971439361572209,0.5093091809337582
img_0028.jpg,14.304763024619309,101.17280391855934,47.26810363769532,14.3047611,101.1728009,47.27,-0.32560611630669195,-0.21424764137852237,0.3897709517300987,0.0018963623046843736,0.38977556491213955
img_0029.jpg,14.304756639619589,101.1727803397132,48.19087867736817,14.3047493,101.1727818,47.37,0.15751829866620043,-0.8170427153117292,0.8320882243239942,0.8208786773681709,1.16885098109912
img_0030.jpg,14.304740545471848,101.17276567185236,47.656660995483406,14.3047369,101.1727617,47.29,-0.4284360225304149,-0.40581206981458157,0.5901193620013472,0.36666099548340725,0.6947525797129221
img_0031.jpg,14.304718153729056,101.17273907506394,47.92022930145264,14.3047231,101.1727414,47.15,0.25078637064241355,0.5506163629037951,0.605038992790876,0.7702293014526447,0.9794515606264695
img_0032.jpg,14.304713966075605,101.1727282614116,47.454030456542974,14.3047095,101.1727226,47.03,-0.6106855791109479,-0.4971612622302726,0.7874682198009464,0.42403045654297244,0.8943757740863251
img_0033.jpg,14.30470400904652,101.1727172910697,48.06243026733399,14.3047024,101.1727131,47.19,-0.4520826440335102,-0.1791182391728425,0.4862736478987002,0.8724302673339892,0.9987975931094173
img_0034.jpg,14.304696597301188,101.172710516554,48.94440284729004,14.3047001,101.17271,47.83,-0.0557196907086224,0.38991864814133237,0.3938797228863511,1.1144028472900445,1.1819623268739097
img_0035.jpg,14.304702694188515,101.17271588357104,49.70039752960206,14.3046986,101.1727081,48.9,-0.839598877333836,-0.4557629807375925,0.9553251642404552,0.8003975296020585,1.2463074960956186
img_0036.jpg,14.304697225810736,101.17271069993812,50.99713367462159,14.3046979,101.172708,49.98,-0.2912371497156365,0.07505040561305394,0.3007517926084099,1.01713367462159,1.0606660892129958
img_0037.jpg,14.30470424441154,101.17270817882633,51.69004524230957,14.304699,101.1727078,51.02,-0.040863269149512736,-0.5838052223082454,0.5852335810255299,0.6700452423095697,0.8896397985149133
img_0038.jpg,14.304710357471995,101.17271306157012,52.19595012664795,14.3047053,101.1727038,51.7,-0.9990277705670232,-0.5629952071817069,1.146743253598507,0.4959501266479478,1.249394500466448
img_0039.jpg,14.30472429058796,101.17269485619006,52.72469398498536,14.3047179,101.1726938,52.24,-0.11392918502713335,-0.7113969974944061,0.7204620373378481,0.48469398498535554,0.8683281674148241
img_0040.jpg,14.304746905405208,101.17267248065988,52.96827041625977,14.3047358,101.1726802,52.77,0.8326702591114258,-1.2362480528928752,1.4905197109364614,0.19827041625976705,1.5036489506044732
img_0041.jpg,14.304767091331362,101.17266003820548,54.107900848388674,14.3047577,101.1726633,53.28,0.351843420623742,-1.0454382251278922,1.103057058902563,0.8279008483886727,1.3791862419403176
img_0042.jpg,14.304797309359584,101.17263934553414,54.00014568328858,14.3047822,101.1726452,53.6,0.63150975173878,-1.6819662150957042,1.7966120658797056,0.4001456832885779,1.8406334461589648
img_0043.jpg,14.304819622734868,101.17262001635456,53.97371040344238,14.3048088,101.1726265,53.73,0.6993780431382712,-1.2047813345296254,1.3930641447022105,0.24371040344238537,1.4142215074029074
img_0044.jpg,14.304835283553356,101.1725991423948,55.53129783630372,14.3048343,101.1726079,53.82,0.9446655086952414,-0.109488658768302,0.950989321557987,1.7112978363037215,1.9577847109054456
img_0045.jpg,14.30484788244646,101.1726019274893,53.60122550964356,14.3048526,101.1725944,53.82,-0.8119752898909413,0.5251556579408058,0.967001725159122,0.21877449035643792,0.9914406760323269
img_0046.jpg,14.30484815433912,101.17260291283677,53.7811589050293,14.3048518,101.1725936,53.79,-1.00455716889158,0.40583311265070005,1.083436948278589,0.008841094970698293,1.0834730203634528
img_0047.jpg,14.304828615582812,101.17261036581864,54.15224891662598,14.3048377,101.1726033,53.73,-0.7621758518925078,1.0112726955525977,1.2663271670379208,0.42224891662598196,1.3348702714384277
img_0048.jpg,14.30481033172372,101.17262695838843,54.46397758483887,14.3048161,101.1726203,53.62,-0.7182272267371255,0.642121578215399,0.9634160422353037,0.8439775848388749,1.2808078053114749
img_0049.jpg,14.304780307747004,101.17264799254528,53.71259571075439,14.3047922,101.1726391,53.4,-0.9592214348191136,1.3238395478653602,1.6348262627902683,0.31259571075439396,1.664443747289418
img_0050.jpg,14.30474980480976,101.17266877281736,54.03702533721924,14.3047665,101.1726593,53.23,-1.0218143740064032,1.8585000762199697,2.1208788622256867,0.807025337219244,2.2692326992068392
img_0051.jpg,14.304727984111809,101.17269264869648,53.071249618530274,14.3047337,101.172684,53.18,-0.9329181723686151,0.6362897628761703,1.1292479704106664,0.10875038146972571,1.1344723990236254
img_0052.jpg,14.304692335820738,101.17271889251444,52.71018566131592,14.304698,101.1727132,52.94,-0.6140406266835892,0.6305335512644398,0.8801241108435336,0.2298143386840792,0.9096334870446016
img_0053.jpg,14.304672239954336,101.17274015017716,52.95278968811036,14.304674,101.1727345,52.62,-0.6094738455447712,0.1959273871747781,0.6401920879300736,0.3327896881103598,0.7215226163890205
img_0054.jpg,14.304669198291624,101.17274606293309,52.49161205291748,14.3046681,101.1727391,52.54,-0.7510783413290795,-0.12226126421272909,0.7609641854519409,0.04838794708251726,0.7625010721063914
img_0055.jpg,14.304649109792845,101.17274530866304,53.90898086547852,14.3046549,101.1727484,52.66,0.3334566601629658,0.644562912041237,0.7257097848218108,1.2489808654785222,1.4445095687179081
img_0056.jpg,14.30464057502456,101.17276235786024,52.78258392333985,14.304636,101.1727634,52.8,0.11241364763286203,-0.5092894043951435,0.5215482006519486,0.01741607666014744,0.5218389074508698
img_0057.jpg,14.304636093008911,101.17277045845206,52.878815231323244,14.3046304,101.1727685,52.9,-0.2112545300387384,-0.6337428529997957,0.6680258080270619,0.021184768676754118,0.6683616346066675
img_0058.jpg,14.304636846171768,101.172769936145,52.33587768554688,14.3046291,101.1727695,52.6,-0.047046138736800955,-0.8622998968131506,0.8635823360942558,0.2641223144531182,0.9030697914370096
img_0059.jpg,14.304631628690638,101.1727740184327,52.40340419769287,14.3046287,101.1727701,51.71,-0.42267395205879926,-0.32602035046423966,0.5338000924183413,0.6934041976928711,0.8750725227339297
img_0060.jpg,14.30462761072688,101.17277996991773,50.99764595031738,14.3046252,101.1727734,50.78,-0.7086846560905603,-0.26836088876132175,0.757793842938145,0.217645950317376,0.7884296215164139
img_0061.jpg,14.304615632462363,101.17278540062556,50.02385608673096,14.304615,101.1727828,49.77,-0.280524597115149,-0.07040538823628359,0.28922477120626866,0.2538560867309556,0.3848296779741304
img_0062.jpg,14.30460571261681,101.1727978380108,48.80109657287598,14.3046018,101.1727956,48.87,-0.24141003504984515,-0.43555051096928965,0.49797896805826725,0.06890342712402031,0.5027233184345161
img_0063.jpg,14.304600671820165,101.17279918391436,47.85402927398682,14.3045941,101.1728032,47.92,0.4332076527046724,-0.7315716743962728,0.8502152581204703,0.06597072601318388,0.8527708495437473
img_0064.jpg,14.304600594129104,101.17279942509757,47.19951396942139,14.3046003,101.1727993,47.06,-0.013494041061318489,-0.03274230200632655,0.03541394477939509,0.13951396942138672,0.14393851169353417
img_0065.jpg,14.304605976553123,101.17279202421328,48.205251731872565,14.3046064,101.1727948,46.76,0.29941891497516965,0.04713789078821776,0.30310669308490995,1.4452517318725668,1.4766943610217802
img_0066.jpg,14.30461466058189,101.17278694574244,46.91725799560547,14.3046143,101.1727891,46.64,0.23237571922562444,-0.040139792348468845,0.23581704309783136,0.27725799560546704,0.3639803208177135
img_0067.jpg,14.304642912770284,101.1727802396026,47.39044116973877,14.3046339,101.1727778,46.65,-0.263155324886721,-1.0032969985379678,1.0372345888426258,0.7404411697387729,1.2744052409401232
img_0068.jpg,14.304675099999342,101.17276276150665,47.54376152038574,14.3046612,101.1727608,46.82,-0.21158398902027276,-1.5473408487515494,1.5617398908348652,0.723761520385743,1.7212966696696939
img_0069.jpg,14.304709214167865,101.17275303503742,48.24260112762451,14.3046939,101.1727401,46.9,-1.3952776663630315,-1.7047653685975825,2.2029581766845023,1.342601127624512,2.5798454442310526
img_0070.jpg,14.304731575622531,101.1727260047882,48.032231712341314,14.3047271,101.172718,46.73,-0.863461036622116,-0.4982240212608081,0.9968912363572211,1.3022317123413174,1.6399998688271986
img_0071.jpg,14.304742582276608,101.1727147325981,48.09329147338868,14.3047436,101.172704,46.46,-1.157704549111115,0.11329244974168295,1.1632347150085582,1.633291473388681,2.0051822957639565
img_0072.jpg,14.304738209763013,101.17267008504048,47.08606388092041,14.3047452,101.1726683,46.4,-0.19254885719316917,0.778149621870562,0.8016182984586204,0.6860638809204147,1.0551187350849547
img_0073.jpg,14.30473560583916,101.17264908600627,46.66908233642579,14.3047346,101.1726446,46.31,-0.4838968169189971,-0.11196950305748007,0.49668229185192064,0.3590823364257858,0.6128894054984779
img_0074.jpg,14.304709980051005,101.17261196713112,46.68393896102906,14.3047197,101.1726185,46.2,0.704687989129629,1.0820197726614191,1.2912598307288226,0.48393896102905387,1.3789665943944065
img_0075.jpg,14.304700961650088,101.17258427757692,46.5992626953125,14.304703,101.1725908,46.2,0.7035612607930674,0.22690807425904466,0.7392467259668307,0.39926269531249403,0.8401764229736967
img_0076.jpg,14.304683598158428,101.1725658700533,46.49112579345703,14.3046858,101.1725629,46.15,-0.3203739747404179,0.2451078825236987,0.40338239645059526,0.34112579345703153,0.5282841704309477
img_0077.jpg,14.30466409443636,101.17254522135843,46.85723178863526,14.3046678,101.1725352,46.36,-1.0809848765368995,0.4125014575982845,1.1570158839973652,0.4972317886352613,1.2593352244147011
img_0078.jpg,14.304643935671711,101.17249245467376,47.35385208129883,14.3046501,101.1725078,46.71,1.6552712992106589,0.6862098861811813,1.7918725071509214,0.6438520812988315,1.9040358674342681
img_0079.jpg,14.304636839028944,101.17249319011572,47.39815452575684,14.3046324,101.1724801,47.07,-1.4120060853060576,-0.4941504418088831,1.4959765519824333,0.3281545257568368,1.5315453753826378
img_0080.jpg,14.304597192713986,101.17242676426602,48.9912251663208,14.3046166,101.1724555,47.42,3.0996697914035747,2.160409196636213,3.778269539438668,1.5712251663208008,4.09195176363675
img_0081.jpg,14.304617217461937,101.17244258816964,48.03851413726807,14.3046127,101.1724445,47.75,0.2062255511766471,-0.5028815625015329,0.543524464823889,0.2885141372680735,0.6153529485308702
img_0082.jpg,14.304626463772522,101.17243213015422,48.220855522155766,14.3046228,101.1724268,48.11,-0.5749537053765611,-0.40784929141155923,0.7049204265951926,0.11085552215576655,0.7135837404422665
img_0083.jpg,14.30465230536963,101.17238826034372,48.97067264556885,14.3046454,101.1724044,48.63,1.7409541624564817,-0.7687022310368666,1.9031091707454935,0.34067264556884425,1.933360382136366
img_0084.jpg,14.304686305421573,101.1723564274386,49.3868681716919,14.3046754,101.1723786,49.1,2.391711873706903,-1.2139859762815803,2.6821721863890287,0.28686817169189993,2.6974693669009024
img_0085.jpg,14.304717475843423,101.1723364463042,49.43914745330811,14.30471,101.1723502,49.38,1.483584694367612,-0.8322070831454937,1.7010561938393944,0.05914745330810689,1.7020841917579173
img_0086.jpg,14.30475196921762,101.17231526324862,49.42690132141114,14.3047466,101.1723202,49.41,0.5325177856580451,-0.597698571399293,0.8005115703691629,0.016901321411140202,0.8006899705631049
img_0087.jpg,14.304775617026165,101.17229007118628,49.72238712310792,14.3047844,101.1722896,49.42,-0.050825942470609134,0.9777161750985262,0.9790363606512873,0.3023871231079198,1.0246707606342642
img_0088.jpg,14.3048175835896,101.1722698643442,49.41920566558838,14.3048164,101.1722635,49.4,-0.6865092443912213,-0.13175659154265318,0.6990384410385049,0.019205665588380327,0.6993022233914575
img_0089.jpg,14.304829288393352,101.17224323737074,49.74593265533447,14.3048362,101.1722469,49.57,0.3950805606128944,0.7693965327061609,0.8649044305092103,0.17593265533447067,0.8826165493165755
img_0090.jpg,14.304837295912687,101.17224192259712,50.12801933288574,14.3048479,101.1722364,50.04,-0.5957115806868674,1.180441600024637,1.3222385028553547,0.08801933288574304,1.325164918564788
img_0091.jpg,14.304844225616796,101.17224284485005,50.70452564239502,14.3048434,101.1722395,50.66,-0.36080232759399433,-0.09190724135034957,0.37232413379993967,0.04452564239502266,0.3749770572189248
img_0092.jpg,14.304814990048955,101.17225345731786,51.105151977539066,14.3048289,101.172251,51.02,-0.26506602063474033,1.5484486673133866,1.5709720782368282,0.08515197753906278,1.5732781476517597
img_0093.jpg,14.304821973941063,101.17228308882976,51.23954948425293,14.3048078,101.1722612,51.33,-2.3611048752085484,-1.5778359016250554,2.8397856194069453,0.0904505157470652,2.8412257319666447
img_0094.jpg,14.304778792709683,101.17226949347224,51.458938713073735,14.3047826,101.1722657,51.6,-0.409194428057588,0.42382561926868023,0.5891249744339964,0.1410612869262664,0.6057776177535378
img_0095.jpg,14.30474829797346,101.17227574309857,51.61395511627197,14.3047543,101.1722717,51.8,-0.43612118831641367,0.6681425383332464,0.7978822860728981,0.18604488372803019,0.8192855675466829
img_0096.jpg,14.304712860488216,101.1722683463208,52.00180313110352,14.3047238,101.1722797,51.9,1.2246994981400492,1.2177808812715316,1.727101368054276,0.10180313110352301,1.7300991338756957
img_0097.jpg,14.304710091892188,101.17232820721291,51.364936981201176,14.3046932,101.172282,52.01,-4.984283392490144,-1.880396836817527,5.3271918681953,0.6450630187988224,5.366104685783532
img_0098.jpg,14.30466347929682,101.17227728754068,51.71414024353028,14.3046627,101.172281,52.15,0.4004559316426899,-0.08675092527405961,0.4097446475839802,0.43585975646971775,0.5982176890844685
img_0099.jpg,14.304616294553188,101.17227790216188,52.19269424438477,14.3046321,101.1722772,52.23,-0.07574088120578276,1.75945429074972,1.7610837806088127,0.037305755615228975,1.76147886780553
img_0100.jpg,14.304590070286595,101.17227981141588,51.99190505981446,14.3046021,101.172271,52.32,-0.9504709697951509,1.339141570630358,1.6421617492237703,0.32809494018554375,1.674616821959289
img_0101.jpg,14.304577899463286,101.17229175066144,51.470951042175294,14.3045707,101.1722689,52.45,-2.4648583990584965,-0.8014405870788579,2.591878458189447,0.979048957824709,2.770626428056326
img_0102.jpg,14.304551763830217,101.17228439776396,52.34186973571778,14.3045372,101.1722743,52.64,-1.0892271842452077,-1.6212381636975897,1.9531587345447037,0.29813026428222145,1.975781034631433
img_0103.jpg,14.30448258615282,101.17228758794066,52.900320549011234,14.304502,101.1722825,52.91,-0.548826907766653,2.1611395822757373,2.229738834206296,0.009679450988762994,2.2297598436914896
img_0104.jpg,14.3044825050939,101.17229520881064,52.556280632019046,14.3044647,101.1722921,53.15,-0.33534177774525803,-1.9820539863425095,2.010221906327155,0.5937193679809525,2.096066506719976
img_0105.jpg,14.304367417807402,101.17230295663644,53.49070022583008,14.3044256,101.1723033,53.39,0.03703801786008875,6.476812053246736,6.4769179543861135,0.10070022583008154,6.477700728138915
img_0106.jpg,14.304398586406196,101.17231969228683,53.4791471862793,14.3043846,101.1723165,53.59,-0.34434633104818746,-1.5569596156539425,1.594583845548305,0.11085281372070455,1.598432352898745
img_0107.jpg,14.304269072767836,101.17232576391648,54.78148937225342,14.3043441,101.1723298,53.81,0.43536535052226266,8.351993280114565,8.363332753126244,0.9714893722534157,8.419568061362503
img_0108.jpg,14.304273929863283,101.17233709833256,54.1863607788086,14.3043047,101.1723419,53.99,0.5179476039061954,3.4253159508567,3.464254477313337,0.1963607788085966,3.469815072743765
img_0109.jpg,14.3042082420577,101.17235851219397,54.45467918395997,14.3042229,101.1723669,54.46,0.9047784990342224,1.6317146729058136,1.865775148856566,0.005320816040033094,1.865782735790551
img_0110.jpg,14.30417436575439,101.1723683863638,54.86059757232667,14.3041819,101.1723773,54.65,0.9614990722712029,0.8387083847742954,1.2758966340064894,0.21059757232666954,1.2931602987019732
img_0111.jpg,14.304152554145,101.17237571881208,55.317519454956056,14.3041445,101.1723767,54.87,0.10583911910474636,-0.8965833202545856,0.9028087113511952,0.4475194549560584,1.0076394354409584
img_0112.jpg,14.304126019992808,101.17236793239373,55.256952438354496,14.3041142,101.1723675,55.15,-0.046641603012298284,-1.3157955804275359,1.3166219839438322,0.1069524383544973,1.3209588459426604
img_0113.jpg,14.304153039848783,101.17235257637826,54.961749458312994,14.3041112,101.1723493,55.34,-0.35341753235161355,-4.657590661481182,4.67098006012552,0.37825054168700945,4.686270179404589
img_0114.jpg,14.304150982287894,101.1723321586024,55.48150032043457,14.3041284,101.1723243,55.74,-0.8476944814777935,-2.513848789292562,2.6529270003819505,0.25849967956543196,2.665491278111974
img_0115.jpg,14.30416532538494,101.1722951131878,55.93583351135254,14.3041465,101.1722939,56.33,-0.13086455797077348,-2.095632265486158,2.0997142959649375,0.39416648864745696,2.1363911967269007
img_0116.jpg,14.304160217790349,101.17226358932334,57.38704971313477,14.3041542,101.1722627,57.4,-0.0959298337019389,-0.6698973574168544,0.6767311153391473,0.012950286865226701,0.6768550157885055
img_0117.jpg,14.304156993162518,101.17223257589616,58.6348910522461,14.3041558,101.1722284,58.72,-0.4504469994560132,-0.13282224395079592,0.46962138772318524,0.08510894775390199,0.4772711816093935
img_0118.jpg,14.3041494577974,101.17220385895884,59.57756965637208,14.304152,101.1721935,59.96,-1.1174037514035473,0.2829966988744097,1.1526830766626763,0.3824303436279237,1.2144674729904894
img_0119.jpg,14.304140720225558,101.1721553643689,61.70916496276856,14.3041443,101.1721571,61.15,0.18721966239542767,0.39849866816028123,0.4402867139864385,0.5591649627685626,0.7117006717019059
img_0120.jpg,14.30414183260898,101.17211145929572,62.38979446411133,14.30414,101.1721167,62.23,0.565306125495409,-0.20400509849052795,0.6009900962018935,0.1597944641113358,0.6218708599809049
img_0121.jpg,14.304141957100542,101.17207823088688,63.86566513061524,14.3041406,101.1720732,63.42,-0.5426734677302739,-0.15107174130911807,0.5633091190461679,0.4456651306152395,0.7182858569169159
img_0122.jpg,14.30414423026752,101.1719855196114,66.87226921081543,14.3041457,101.1719852,66.55,-0.03447595407963791,0.16360987124473336,0.16720281510315407,0.3222692108154348,0.36306228889547687
img_0123.jpg,14.30415157409366,101.17194416638536,68.2127000427246,14.3041498,101.1719418,67.96,-0.25525807385826266,-0.19749120299670056,0.32273744674412086,0.2527000427246122,0.40989848880416124
img_0124.jpg,14.304159177183328,101.17189783937732,69.16433715820312,14.3041592,101.1718966,69.21,-0.13368957671378834,0.0025399404194465934,0.13371370243638545,0.04566284179686875,0.14129560976977346
img_0125.jpg,14.304181703231354,101.17183854146998,70.22639038085939,14.3041758,101.1718496,70.47,1.1928651893872948,-0.657144708407741,1.3618981341643286,0.24360961914061363,1.3835144286844696
img_0126.jpg,14.30420402557663,101.17180030409573,71.56358482360841,14.3041979,101.1718019,71.89,0.17214751592676766,-0.6818960711605536,0.7032901386369323,0.3264151763915919,0.7753475907505676
img_0127.jpg,14.30422344121895,101.171755597108,73.10986557006837,14.3042235,101.1717567,73.43,0.11896709690440024,0.006543476680937398,0.11914691449187816,0.32013442993164176,0.34158752972055667
img_0128.jpg,14.30424217740616,101.1717319725907,74.56510864257814,14.3042461,101.1717297,74.87,-0.24514049777450572,0.4366611489528004,0.500766235537014,0.3048913574218659,0.5862811292242487
img_0129.jpg,14.304268523712096,101.17171006888262,75.58176559448242,14.3042655,101.1717108,76.1,0.0788643816015368,-0.33659809091075366,0.3457135598875995,0.5182344055175747,0.6229644970239564
img_0130.jpg,14.304279568524285,101.17170303890848,76.97547256469727,14.304279,101.1717014,76.97,-0.17678624433955845,-0.06328783395734053,0.1877730707921079,0.005472564697271309,0.18785280162686896
img_0131.jpg,14.304286697317298,101.17169534177845,77.88541580200196,14.3042885,101.1716987,78.03,0.36224558191183154,0.20067372042390208,0.41411568876753746,0.1445841979980429,0.43863013347711216
img_0132.jpg,14.304287418343613,101.171688198768,78.89533874511719,14.3042914,101.1716928,79.05,0.49632697802760933,0.4432359615934618,0.6654311284931744,0.1546612548828108,0.6831681275715557
img_0133.jpg,14.3042857332513,101.17168335335356,79.68878707885742,14.3042873,101.1716816,80.0,-0.18913123331127732,0.17440966754673876,0.25727292035425875,0.3112129211425838,0.4037856335157417
img_0134.jpg,14.304277679224796,101.17166597361624,81.04937637329101,14.3042784,101.1716663,80.99,0.035206455800188975,0.08023632858306194,0.08762056239547737,0.05937637329101619,0.10584383146737388
img_0135.jpg,14.3042708301163,101.171654822046,81.80187973022461,14.3042673,101.1716487,81.93,-0.6603746247207757,-0.3929707490248976,0.7684534173027628,0.12812026977539404,0.7790606254275811
img_0136.jpg,14.304267897671217,101.17164713529334,82.64522018432618,14.3042627,101.1716415,82.88,-0.6078694590333295,-0.5786021130865555,0.8392173046915201,0.2347798156738179,0.871439754854879
img_0137.jpg,14.30427829224383,101.17166812476354,82.95160873413087,14.3042675,101.1716474,83.7,-2.2355447412066005,-1.2013870875913852,2.537910799095937,0.748391265869131,2.6459555383635944
img_0138.jpg,14.304291709090313,101.1716640477494,84.38756103515625,14.3042841,101.1716579,84.58,-0.6631471524624358,-0.8470400589874455,1.075751368741166,0.19243896484374545,1.092828331687381
img_0139.jpg,14.304319457750074,101.17166537916978,85.41951904296874,14.3043143,101.1716664,85.61,0.1101151861694861,-0.5741581118930482,0.5846220075208688,0.19048095703125512,0.6148706259606761
img_0140.jpg,14.304349162778667,101.17167390740562,86.36771011352539,14.3043525,101.1716738,86.57,-0.011585656838883027,0.37149777946014784,0.37167839268406366,0.20228988647460255,0.4231619379836951
img_0141.jpg,14.30440344039285,101.17167946169477,87.08597213745118,14.3043956,101.1716785,87.44,-0.10373630858472146,-0.8727885397381161,0.8789317702853717,0.35402786254881846,0.9475530509042027
img_0142.jpg,14.30444969257101,101.17168514556516,87.87788589477539,14.3044431,101.1716817,88.36,-0.3716669255392169,-0.7338816478504729,0.8226290637896884,0.4821141052246105,0.9534949328905875
img_0143.jpg,14.30448695453986,101.1716885894186,88.39212829589843,14.304483,101.1716847,88.87,-0.4195445249771724,-0.44021736353893587,0.6081191787795323,0.47787170410157387,0.77341470194226
img_0144.jpg,14.304491712145689,101.17170446095255,89.3519073486328,14.3044963,101.1716948,89.12,-1.0421093773188017,0.5107176057972824,1.1605276503242343,0.23190734863280227,1.1834717763922318
img_0145.jpg,14.304487857116715,101.1717487154357,90.15555694580078,14.3044895,101.171715,89.69,-3.6368227998024643,0.1828849307649752,3.641418264229464,0.46555694580078466,3.6710584638285555
img_0146.jpg,14.30447274176405,101.17174745858917,90.52311462402344,14.3044678,101.1717425,90.24,-0.5348740500276803,-0.5501146577126558,0.7672785582976536,0.28311462402344034,0.817844897495399
img_0147.jpg,14.304422838495432,101.17179083800978,91.0342869567871,14.3044369,101.1717745,90.86,-1.7623518968492207,1.5653195283782897,2.357140096441121,0.1742869567870997,2.3635747031893377
img_0148.jpg,14.304375239003347,101.17180684898746,91.81359802246097,14.3043999,101.171809,91.39,0.2320259192837758,2.74524958984098,2.7550374476114743,0.4235980224609648,2.787412173033329
img_0149.jpg,14.30432771641416,101.17183753984776,92.25774505615234,14.3043598,101.1718435,91.77,0.6429112090507415,3.571528438488238,3.6289323787655934,0.48774505615234887,3.661563252144412
img_0150.jpg,14.304283269332135,101.17187091800416,92.57509719848632,14.3043189,101.1718755,92.13,0.494251979986788,3.966387803361595,3.997063575473433,0.445097198486323,4.021769354709049
img_0151.jpg,14.304218213724708,101.17193344811535,92.73359954833984,14.3042314,101.171935,92.81,0.16739917468941096,1.4678894510776834,1.4774037783462715,0.07640045166016307,1.4793778940100855
img_0152.jpg,14.304188484927822,101.17195981207868,92.99386932373048,14.3041865,101.1719627,93.2,0.3115152431834586,-0.2209611544183919,0.38192352440974064,0.20613067626952386,0.43399934815260843
img_0153.jpg,14.304165069441297,101.17198001628395,93.40732162475588,14.3041457,101.1719868,93.65,0.7317482117516538,-2.1561963421435184,2.276980041914032,0.24267837524412528,2.289875740097256
img_0154.jpg,14.304108559016884,101.17199074853283,93.62695846557617,14.304108,101.1719989,94.1,0.8792854440461874,-0.06222947490938722,0.8814847699529463,0.4730415344238281,1.0003917697327624
img_0155.jpg,14.304082110680014,101.17197726780728,94.72825439453123,14.3040743,101.1719883,94.6,1.190024760811964,-0.8694809218938225,1.4738236003276988,0.12825439453123977,1.4793935225623627
img_0156.jpg,14.304047173277413,101.17196143204808,95.00024368286132,14.3040425,101.1719622,95.09,0.08283774184500282,-0.5202268619561625,0.526780864662656,0.08975631713867926,0.5343727873320596
img_0157.jpg,14.304041478896632,101.17194046388428,95.3439747619629,14.3040306,101.1719362,95.38,-0.4599383777212831,-1.2110332334155514,1.2954322845049873,0.036025238037098006,1.2959331084255235
img_0158.jpg,14.304060309976071,101.17190727261102,95.88552307128909,14.3040507,101.1719071,95.82,-0.018619273497287134,-1.069777642848372,1.069939663010857,0.06552307128909263,1.0719441008536508
img_0159.jpg,14.30409927588464,101.1718732076474,96.33292282104492,14.3040891,101.1718742,96.48,0.10704346131214716,-1.1327742964744103,1.1378206841865637,0.14707717895508665,1.14728706343799
img_0160.jpg,14.30414758851043,101.17185106449324,96.66718002319335,14.3041321,101.1718435,96.92,-0.8159694112154768,-1.724173094187408,1.9075059472408225,0.2528199768066486,1.9241873296099894
img_0161.jpg,14.304173926276777,101.17182742705512,96.29269577026368,14.3041676,101.1718214,96.63,-0.6501284068796749,-0.7042379094443265,0.9584456054103536,0.33730422973631846,1.0160669869297154
img_0162.jpg,14.304198788956132,101.17181053479648,95.73503707885745,14.3041967,101.1718042,96.03,-0.683323873196982,-0.23254153286248427,0.7218082018008377,0.29496292114255596,0.7797500913984612
img_0163.jpg,14.304228692388271,101.1718008070584,94.85822067260742,14.3042259,101.1717948,95.13,-0.6479712310645811,-0.31084724040630746,0.7186742816850797,0.27177932739257926,0.7683467485149711
img_0164.jpg,14.30425959212027,101.17179511059824,94.10111923217774,14.3042551,101.1717924,94.08,-0.2923876088390037,-0.5000605408883702,0.5792676914485733,0.021119232177738922,0.5796525513822369
img_0165.jpg,14.304286920382845,101.1718007486645,93.1163429260254,14.3042841,101.1717984,93.25,-0.2533464014880059,-0.31396358210338404,0.403432187652535,0.1336570739746037,0.42499616875633467
img_0166.jpg,14.304331548594597,101.17181522131952,92.50808395385742,14.3043138,101.1718138,92.69,-0.15331526834733938,-1.975764512898573,1.9817040601305114,0.18191604614257528,1.9900362885590557
img_0167.jpg,14.304359990663396,101.17184752305349,91.6473048400879,14.3043436,101.1718354,92.17,-1.3076925524918825,-1.8246003031406186,2.2448220593319994,0.5226951599121037,2.3048722976032963
img_0168.jpg,14.304363910537036,101.17184347585588,91.29512588500975,14.3043706,101.1718598,91.31,1.7608567221492026,0.7446676108334582,1.9118436773341168,0.014874114990249154,1.911901536653805
img_0169.jpg,14.30437085357277,101.171864061534,90.45120162963867,14.3043803,101.1718704,90.1,0.683719157824783,1.051571469034336,1.2543023723423554,0.3512016296386804,1.3025425236530765
img_0170.jpg,14.304374712068292,101.1718676034094,88.75812622070313,14.3043827,101.1718722,88.73,0.4958261203787439,0.8892124902356497,1.0181072607740906,0.02812622070312898,1.0184956940173893
img_0171.jpg,14.304360845469276,101.17186117876268,87.0635092163086,14.3043846,101.1718743,87.21,1.4153647633365452,2.6443422643038117,2.999300489127105,0.1464907836913909,3.0028757839418883
img_0172.jpg,14.304370163064174,101.1718703542541,85.9854428100586,14.3043939,101.1718882,85.65,1.9249891050143892,2.642383609219781,3.269216143465799,0.3354428100585949,3.2863803905691436
img_0173.jpg,14.304405526862237,101.17187876069735,84.9822215270996,14.304416,101.1719087,84.04,3.229499308188226,1.1658643628134722,3.4334975599331146,0.9422215270995906,3.5604335270015275
img_0174.jpg,14.304447952364775,101.17192949897932,81.71284088134766,14.3044532,101.1719352,82.36,0.614958847225017,0.5841640810197847,0.8481875130736193,0.6471591186523398,1.0668818970199485
img_0175.jpg,14.30449423378314,101.17197906723324,79.23107498168946,14.304501,101.171972,80.52,-0.7623295809189901,0.7532118154173593,1.0716689921932223,1.288925018310536,1.6762464412058427
img_0176.jpg,14.304565973276548,101.17201824085627,77.20072555541992,14.3045554,101.1720128,78.47,-0.5868950938342311,-1.177011761298839,1.3152195776380784,1.269274444580077,1.8278020005095048
img_0177.jpg,14.304587851090362,101.1720421299228,76.66708221435547,14.3046073,101.1720552,76.29,1.4098448011290674,2.165042717424635,2.5836161347119826,0.3770822143554682,2.610988955918295
img_0178.jpg,14.304644678840644,101.17209014995204,73.11365188598633,14.3046371,101.1720971,73.94,0.7496885401311119,-0.8436726811891665,1.1286347948689308,0.826348114013669,1.3988093886311963
img_0179.jpg,14.304678899666287,101.1721001616078,72.09142883300783,14.3046826,101.1721348,71.55,3.7363772473008066,0.4119192646218613,3.759014819698605,0.5414288330078278,3.7978069455839845
img_0180.jpg,14.3047479371327,101.1721855674761,68.60666183471679,14.304736,101.1721714,69.22,-1.5282181883591786,-1.3288355336069442,2.0251554771444713,0.61333816528321,2.1159958439470588
img_0181.jpg,14.304793217712756,101.17220610566392,66.46172706604004,14.3047925,101.1722096,66.82,0.37692717530046843,-0.07989541862074788,0.3853016654474447,0.3582729339599524,0.5261338884778731
img_0182.jpg,14.304832004775902,101.17223922046496,65.17140029907227,14.3048439,101.1722483,64.37,0.9793914291299023,1.3241702894799894,1.6470077495247637,0.8014002990722702,1.8316323229152052
img_0183.jpg,14.304874958052377,101.17233639783782,61.97973503112793,14.3048673,101.1722884,61.66,-5.177430760140883,-0.8524904910896771,5.2471448725427035,0.31973503112793367,5.256877381448189
img_0184.jpg,14.304904565222849,101.17236827180682,59.5257453918457,14.3048875,101.1723326,58.84,-3.8478460231617717,-1.899691917830575,4.291240892869161,0.6857453918456997,4.345686958706313
img_0185.jpg,14.304941322858795,101.1725631136479,49.29138122558594,14.3049414,101.1725404,48.4,-2.450075000326874,0.008587319706918749,2.4500900492199214,0.8913812255859384,2.6072018983219474
img_0186.jpg,14.304915184466806,101.17257350458672,48.241712989807134,14.3049246,101.172573,47.2,-0.05442874867535193,1.0481323607034194,1.0495446318456816,1.041712989807131,1.4787528148304567
img_0187.jpg,14.304904397738984,101.17259870478716,46.89126461029053,14.3049084,101.1725953,46.32,-0.3672675235401361,0.44552965841441855,0.5773925098008917,0.5712646102905268,0.8122347969303951
img_0188.jpg,14.304882881262133,101.17260935932605,45.98537469863892,14.3048892,101.1726116,45.7,0.2416970011555342,0.7033986818285844,0.7437655181344243,0.2853746986389183,0.796634084501173
img_0189.jpg,14.304869218204118,101.17261899009884,45.58948770523072,14.3048704,101.1726233,45.2,0.46490041988154285,0.13155691586012822,0.48315589877043175,0.38948770523071374,0.6205967249692437
img_0190.jpg,14.304857468326285,101.17262616729973,45.20143342971802,14.3048571,101.1726311,44.77,0.5320805453536955,-0.041001894495024414,0.5336580010606674,0.43143342971801957,0.6862402395475805
img_0191.jpg,14.30484809394998,101.1726316486361,45.34307723999024,14.3048492,101.1726351,44.73,0.37229175714158047,0.1231249249707049,0.39212357693029276,0.6130772399902398,0.7277531187007428
img_0192.jpg,14.30483966616025,101.17263225894423,44.66867818832398,14.3048429,101.1726371,44.7,0.5221950720674062,0.35998939434932475,0.634255514233402,0.03132181167602255,0.6350284349713369
img_0193.jpg,14.304827750542447,101.17263643667935,45.87359817504883,14.3048325,101.1726416,44.66,0.5569571725033076,0.5287071962971942,0.7679404868994204,1.213598175048837,1.436159156187498
img_0194.jpg,14.30480837957396,101.17264767837112,44.745279254913335,14.3048186,101.1726477,44.67,0.002333064432208392,1.1377326226284339,1.137735014747555,0.0752792549133332,1.140222754554094
img_0195.jpg,14.304791252238228,101.17265150422504,45.22976306915283,14.3048038,101.1726545,44.7,0.3231483574007652,1.3968104510367214,1.433703001676505,0.5297630691528283,1.5284479730937672
img_0196.jpg,14.304783742151931,101.17266093598616,44.20443584442139,14.3047856,101.1726623,44.68,0.14713350126898758,0.20681470103065278,0.2538121111335499,0.47556415557860987,0.5390564477207055
img_0197.jpg,14.304766579859402,101.1726704309366,44.26709079742432,14.3047672,101.1726702,44.6,-0.02491068140049938,0.06903373563729882,0.07339072627980762,0.3329092025756779,0.3409028246633509
img_0198.jpg,14.304752797657006,101.17268484471042,45.495932235717774,14.3047563,101.1726752,44.55,-1.0403561609322778,0.38987903860867984,1.1110115239439124,0.9459322357177768,1.459155372435097
img_0199.jpg,14.304731353696056,101.1726931246364,45.09523530960083,14.3047407,101.1726827,44.53,-1.1244853530738899,1.0404257958578556,1.5319768751401437,0.5652353096008298,1.6329250139500298
img_0200.jpg,14.304715503677038,101.17270379092972,44.34571632385254,14.3047212,101.1726939,44.55,-1.0669155300808306,0.6341117714980367,1.2411311321049188,0.20428367614745468,1.2578307944315703
img_0201.jpg,14.3046879278048,101.17271447318096,44.48705610275269,14.3046978,101.1727087,44.56,-0.6227419764899002,1.0989677426745934,1.263145941180922,0.07294389724731332,1.2652503629193173
img_0202.jpg,14.304668888884406,101.17273386510143,45.334599666595466,14.3046714,101.1727254,44.53,-0.913114376006379,0.27953610931083556,0.9549441345325694,0.8045996665954647,1.2487189129518663
img_0203.jpg,14.304637990743814,101.1727444449158,44.84704299926758,14.3046436,101.1727436,44.48,-0.09113947108946331,0.6244195424263391,0.6310357899155845,0.3670429992675821,0.7300183089934992
img_0204.jpg,14.304620564682882,101.17276190685725,44.38542940139771,14.3046158,101.172762,44.38,0.010047134448216723,-0.5304020721189268,0.5304972224419952,0.0054294013977056466,0.5305250054598832
img_0205.jpg,14.30461927331217,101.17276452818577,44.81596525192261,14.3046097,101.1727683,44.31,0.40685852179292403,-1.0656962359320399,1.1407200901339651,0.5059652519226105,1.2478954924946049
img_0206.jpg,14.30463876328317,101.17274427477496,45.24978254318238,14.3046318,101.1727577,44.31,1.4481536926596892,-0.7751491368898098,1.6425605930938767,0.9397825431823748,1.8924049594247105
img_0207.jpg,14.304679933541705,101.17272733569864,44.589515380859375,14.3046668,101.1727351,44.51,0.8375203943451817,-1.4620191748956957,1.6849155702013072,0.0795153808593767,1.6867907915624891
img_0208.jpg,14.30471026191908,101.17272119033966,49.19313753128052,14.3047029,101.1727097,44.95,-1.2394408635201537,-0.8195250832117918,1.4858785334531472,4.243137531280517,4.4957814810706935
img_0209.jpg,14.304737230837722,101.17267511874124,49.237840614318856,14.3047381,101.1726836,46.21,0.9148569614964467,0.09675470222035905,0.9199590927863376,3.0278406143188548,3.1645131565722777
img_0210.jpg,14.30479125036171,101.17265851683096,49.91766723632813,14.3047743,101.1726575,47.92,-0.1096835653672583,-1.886905634295492,1.8900908330680162,1.9976672363281267,2.750112314860359
img_0211.jpg,14.304825503807756,101.17262181540708,50.82130187988281,14.304813,101.1726283,50.01,0.6994802287469797,-1.3919175124086713,1.557789123006663,0.8113018798828122,1.7563933762284727
img_0212.jpg,14.304862669977306,101.17259345072156,54.400844497680666,14.3048536,101.1725981,52.19,0.5015083945236929,-1.0096652552213319,1.1273573512329127,2.210844497680668,2.481686521360781
img_0213.jpg,14.304896862292996,101.17256828634822,54.13440528869629,14.3048908,101.1725705,53.98,0.23878216589981105,-0.6748513692110748,0.71585004943624,0.15440528869629588,0.7323129702901989
img_0214.jpg,14.304910901900907,101.17255565756383,55.18230529785157,14.3049097,101.1725583,54.19,0.2850342547499799,-0.133794997027803,0.3148739868749818,0.9923052978515727,1.0410645665638827
img_0215.jpg,14.304911764427027,101.17255418822609,54.68304000854492,14.3049121,101.1725585,54.48,0.4651023423888859,0.03735581237555782,0.46660009174223943,0.20304000854492443,0.5088623494460847
img_0216.jpg,14.304891743512982,101.17257787088124,54.03022315979004,14.3048998,101.1725683,54.64,-1.0323917030208554,0.8968440323230573,1.3675386088808539,0.6097768402099604,1.497327499792956
img_0217.jpg,14.304874840213603,101.17259265036024,54.333838081359865,14.3048779,101.1725859,54.69,-0.7281478401760245,0.3406138635176752,0.8038762847437699,0.356161918640133,0.8792430798492914
img_0218.jpg,14.304843123570665,101.17260323616463,54.52722618103027,14.3048502,101.1726081,54.36,0.5246522499607617,0.787744510300226,0.9464678530711077,0.16722618103027287,0.9611274590391232
img_0219.jpg,14.304815718098157,101.1726343856957,53.62622783660889,14.3048219,101.1726328,53.85,-0.171045863164076,0.6881661653813989,0.7091046174446212,0.22377216339111072,0.7435747034360572
img_0220.jpg,14.304796636302314,101.17265258208182,53.24771327972413,14.3048014,101.1726522,53.24,-0.04121441513886689,0.530292400807985,0.5318915851655631,0.007713279724129052,0.5319475096793275
img_0221.jpg,14.304780303410045,101.17266736646378,53.021146354675295,14.3047824,101.1726699,52.88,0.2732875934210763,0.23339132628962025,0.35938505798810205,0.14114635467529268,0.386108680740585
img_0222.jpg,14.304771165252037,101.17268935658296,52.74889190673828,14.3047676,101.1726851,52.55,-0.4591492986599419,-0.3968820412760148,0.6069047974331171,0.1988919067382824,0.6386637798664666
img_0223.jpg,14.304747560689032,101.172702873717,52.35589916229249,14.30475,101.1727043,52.27,0.15385037879288227,0.2715428548806522,0.31209847979675953,0.08589916229248473,0.32370376453479643
img_0224.jpg,14.304732110144526,101.17272137585414,52.251706199646,14.3047309,101.1727255,51.94,0.4448636412015735,-0.13471267251060884,0.464813041338206,0.31170619964600377,0.5596533912126569
img_0225.jpg,14.304690051383698,101.17277144936872,51.19310050964356,14.3046865,101.1727751,51.24,0.39378661360401096,-0.39533822479966724,0.5579966030734118,0.04689949035644503,0.5599640803097651
img_0226.jpg,14.304657375734086,101.17280389516075,51.1404693222046,14.3046629,101.1728017,50.82,-0.23678782280173202,0.6149584685584093,0.6589707057820464,0.3204693222046018,0.7327639303030447
img_0227.jpg,14.304659932603167,101.17280615967611,49.98941776275635,14.3046545,101.1728117,49.94,0.5976242243648944,-0.6047546182681327,0.8502251830335164,0.04941776275634879,0.8516601300637592
img_0228.jpg,14.304690777691398,101.17278104975422,50.79040924072266,14.3046783,101.1727864,49.71,0.5771207905175121,-1.3890102526397474,1.504133600710353,1.080409240722659,1.8519454679403506
img_0229.jpg,14.30471918650721,101.17274879597596,51.20835834503174,14.3047059,101.1727481,49.33,-0.07507358725283163,-1.479047217038076,1.4809512867515549,1.8783583450317423,2.3919545953218826
img_0230.jpg,14.304729347731133,101.17271806480224,50.96119186401367,14.3047222,101.1727074,48.73,-1.1503916306003956,-0.7956817899755871,1.3987531643053355,2.231191864013674,2.633387086756332
img_0231.jpg,14.304726234712149,101.17267563826938,50.68053489685059,14.3047227,101.172664,48.34,-1.2553976588583817,-0.39348235659920006,1.3156183515069884,2.340534896850585,2.684949766792173
img_0232.jpg,14.304717234140194,101.17261345997925,48.12370273590088,14.3047087,101.172617,48.32,0.3818552269779477,-0.9500161406154267,1.0238867524292958,0.19629726409912251,1.0425337873148335
img_0233.jpg,14.304683446347038,101.17254741319192,48.618374824523926,14.304688,101.1725627,48.31,1.6489587711383384,0.5069103290078502,1.725115390508387,0.3083748245239235,1.7524605966951339
img_0234.jpg,14.30466311967463,101.17251186646205,48.48829929351807,14.3046633,101.1725053,48.16,-0.7083117821684258,0.02007372823852179,0.7085961722476388,0.3282992935180715,0.7809538792070057
img_0235.jpg,14.304637065529514,101.17243143112074,48.70308029174805,14.3046342,101.1724504,48.59,2.046137208363292,-0.3189892862658165,2.070852877488185,0.11308029174804801,2.0739379914990033
img_0236.jpg,14.304589106511193,101.1723560224724,50.27047466278077,14.3046027,101.1723953,49.46,4.236793528656212,1.5132202521519478,4.498917084808945,0.81047466278077,4.571337234879464
img_0237.jpg,14.304578698634367,101.17234536904398,50.367220878601074,14.3045733,101.1723459,50.34,0.057273238551695874,-0.6009732288239772,0.6036961533895308,0.027220878601070808,0.6043095414182454
img_0238.jpg,14.30457067095996,101.17230144211553,51.174815254211424,14.3045594,101.1723123,50.92,1.1712198757556378,-1.254677523400599,1.716383315314999,0.25481525421142237,1.7351952336467902
img_0239.jpg,14.304568551168366,101.17227432859136,51.97591106414795,14.3045606,101.1722836,51.77,1.0000896699316941,-0.8851200136584056,1.3355211666172646,0.2059110641479478,1.3513016513056142
img_0240.jpg,14.304609919069692,101.17222601264032,52.980385856628416,14.3045936,101.1722202,52.84,-0.6269986369127568,-1.8166305283352535,1.9217892098693012,0.14038585662841285,1.9269099501303548
img_0241.jpg,14.304644428711596,101.1721437825002,54.7301490020752,14.3046368,101.172147,54.52,0.3470656232859058,-0.849224290150325,0.9174074568304738,0.21014900207519815,0.941168977878765
img_0242.jpg,14.30466877336558,101.17210360012544,55.59333648681641,14.3046635,101.1721089,55.91,0.5716873893005512,-0.587028371204641,0.8194075784885407,0.31666351318358466,0.8784671651611257
img_0243.jpg,14.304702152509993,101.17207174498311,57.301200332641606,14.3046952,101.1720699,57.34,-0.19901479124643673,-0.7739498722111642,0.7991278319709181,0.038799667358397016,0.8000691882691535
img_0244.jpg,14.304734545223049,101.17202315561912,58.795226669311525,14.3047278,101.1720291,58.7,0.6412088757169835,-0.7508747950521164,0.987401529339911,0.09522666931152202,0.9919828116912919
img_0245.jpg,14.30476186979153,101.17202231462257,59.588016815185554,14.3047553,101.1719891,59.98,-3.582796693778834,-0.7313458477768671,3.6566786703254315,0.3919831848144426,3.6776282731116585
img_0246.jpg,14.304764156632128,101.1719854057999,60.43761985778809,14.3047727,101.171966,60.74,-2.0932657765708123,0.9510433610513086,2.2991835694355425,0.30238014221190923,2.318982284616779
img_0247.jpg,14.304766736931615,101.17197802290484,60.34068725585938,14.3047781,101.1719727,60.73,-0.5741713504101785,1.264930986455692,1.389144751322776,0.3893127441406179,1.442666819774377
img_0248.jpg,14.3046598546503,101.1721953228353,61.2840340423584,14.3046634,101.1722027,61.29,0.7957607429121885,0.394666523391453,0.8882549322385179,0.005965957641599573,0.8882749671676194
img_0249.jpg,14.30437930187876,101.17243289676222,69.58297882080078,14.3043353,101.1724708,70.41,4.088555794103812,-4.898266737433002,6.380384432974347,0.827021179199221,6.4337601403367115
img_0250.jpg,14.30444567920602,101.17238341505237,55.48474334716797,14.3044102,101.1723636,57.03,-2.1374142802903933,-3.94952714801783,4.490802211021877,1.5452566528320304,4.749223370367057
img_0251.jpg,14.304945872432448,101.1730123561676,49.0460404586792,14.3049487,101.173014,48.85,0.17731685190937693,0.31476338013272986,0.3612717141482755,0.1960404586791995,0.41103419916447853
img_0252.jpg,14.304943851877578,101.17301025838272,49.45848430633545,14.304946,101.1730106,49.63,0.03684956060891403,0.23912789409793953,0.2419504904991627,0.17151569366455277,0.29657658880299054
img_0253.jpg,14.304940549009372,101.17300653332056,49.88079956054688,14.3049393,101.1730043,50.13,-0.24090374769128606,-0.13903908732855644,0.2781483119791755,0.24920043945311932,0.3734532667958503
img_0254.jpg,14.304935948959969,101.1730021183918,50.200161895751954,14.3049361,101.1730012,50.29,-0.0990650584413966,0.016813699455762002,0.10048177095068546,0.08983810424804517,0.13478676221450178
img_0255.jpg,14.304935381297383,101.1730006334365,50.43475513458253,14.3049349,101.1730003,50.51,-0.03596711841933238,-0.05357777972587949,0.06453070654924788,0.07524486541746711,0.09912619159151571
img_0256.jpg,14.30493413517415,101.17299983663143,50.52521827697754,14.304934,101.1729996,50.54,-0.025524952561804346,-0.01504751765591079,0.02963023777979699,0.014781723022458948,0.03311269131919062
img_0257.jpg,14.304933393911549,101.17299752764816,50.524197807312014,14.3049324,101.1729976,50.55,0.007804445932543439,-0.11064172748582696,0.11091664093977059,0.02580219268798345,0.1138782436853933
img_0258.jpg,14.304933730977506,101.17299833951836,50.53844772338867,14.3049318,101.172997,50.57,-0.14449112684447543,-0.2149554326892612,0.25900487211520523,0.03155227661132898,0.2609196618478026
img_0259.jpg,14.304931972406704,101.17299688243232,50.50657012939453,14.3049319,101.172997,50.54,0.012681787052784043,-0.008060277489658128,0.015026503121566592,0.03342987060546676,0.03665176728018311
img_0260.jpg,14.304932620568607,101.17299654738616,50.50069889068604,14.304932,101.1729965,50.52,-0.005111449563106798,-0.0690813812533703,0.06927022558437126,0.01930110931396456,0.07190894918756144
img_0261.jpg,14.304933767039788,101.1729948794691,50.45967472076416,14.3049343,101.172994,50.44,-0.09486654596203987,0.05932885930992801,0.11189090709161785,0.019674720764164988,0.11360752495734128
img_0262.jpg,14.304933720197477,101.1729940321373,50.41481925964356,14.3049341,101.1729939,50.39,-0.014253382479987496,0.04227942353510102,0.044617357234391065,0.024819259643557245,0.0510558930568801
img_0263.jpg,14.304933485145666,101.1729938779284,50.34307582855225,14.3049341,101.1729939,50.34,0.0023808174936215862,0.06844527143497077,0.06848666639386648,0.0030758285522480833,0.06855570140424197
img_0264.jpg,14.30493510059819,101.17299291638123,50.35339099884034,14.3049336,101.1729938,50.33,0.0953141622028492,-0.16704582636355847,0.19232549914640848,0.023390998840341126,0.19374270682702874
img_0265.jpg,14.304933081212202,101.17299125512764,50.2980037689209,14.3049319,101.1729915,50.3,0.02641388376177388,-0.1314919408263423,0.13411869279730848,0.0019962310790972992,0.13413354798923333
img_0266.jpg,14.304931600230429,101.17298720136442,50.330326080322266,14.3049281,101.1729873,50.31,0.010639620101310797,-0.3896438690214507,0.38978910475012724,0.02032608032226335,0.3903187104446477
img_0267.jpg,14.30492307687613,101.1729824332468,50.35610485076904,14.304922,101.1729801,50.31,-0.25168260747032467,-0.11987730259247525,0.27877356865368247,0.046104850769040695,0.2825603649564902
img_0268.jpg,14.304911869829253,101.17296297113916,50.2092981338501,14.3049115,101.1729699,50.34,0.7474022248569212,-0.041169204173815234,0.7485352290262502,0.13070186614990575,0.7598604917407199
img_0269.jpg,14.30490280664142,101.17295639190748,50.55883502960205,14.3048992,101.1729575,50.47,0.1195277077164765,-0.40148948646769195,0.4189041425625276,0.08883502960205192,0.42821997050633204
img_0270.jpg,14.304880504994022,101.17292988571816,49.83402492523194,14.3048873,101.1729461,51.04,1.7490020508548736,0.7564166054452597,1.905564025397173,1.2059750747680624,2.2551164350981328
img_0271.jpg,14.30487186939932,101.17292202022772,50.55601976394654,14.3048748,101.1729322,51.73,1.098071664301808,0.3262329753562108,1.1455083300230988,1.1739802360534597,1.6402496544113172
img_0272.jpg,14.304863339075592,101.17291343567814,52.38811290740967,14.3048611,101.1729176,52.43,0.44919708785660745,-0.24925275470495198,0.5137168086279285,0.04188709259032919,0.515421660383549
img_0273.jpg,14.304829012255572,101.17287685323464,53.090307044982914,14.3048333,101.1728832,53.84,0.6846130063084822,0.47730952637169466,0.8345773495440129,0.749692955017089,1.1218551061407906
img_0274.jpg,14.304824205939145,101.1728687765977,54.79339942932129,14.3048217,101.1728681,54.66,-0.0729832554959348,-0.27895986958934993,0.2883490322926228,0.1333994293212939,0.3177114605539733
img_0275.jpg,14.304808575715134,101.17285039767653,55.02526557922364,14.3048118,101.172856,55.22,0.6043115906518737,0.3589257494295274,0.7028656999738611,0.1947344207763564,0.7293433257628733
img_0276.jpg,14.304795374753676,101.17283013318888,55.335548706054695,14.3048007,101.1728386,55.84,0.913298277595553,0.5928037091259885,1.088820454167046,0.5044512939453085,1.2000004539064262
img_0277.jpg,14.304794297987051,101.17282598502908,56.60855895996094,14.3047899,101.1728203,56.51,-0.6132329312939675,-0.4895816791300238,0.7846941114620176,0.09855895996093977,0.7908594800290046
img_0278.jpg,14.30477845612382,101.17280481568292,57.26552452087402,14.3047833,101.1728107,57.08,0.6347297680479683,0.5392178298411426,0.8328491738993433,0.1855245208740186,0.8532626174340188
img_0279.jpg,14.30477522990801,101.172800694287,57.423250656127934,14.3047784,101.172803,57.55,0.24871275340339544,0.3528930260725327,0.4317308438785992,0.1267493438720635,0.449952128262692
img_0280.jpg,14.304770162690728,101.17279466681212,57.81279663085938,14.3047758,101.1728011,57.88,0.6939354116857128,0.6275423975846657,0.9356045192054867,0.0672033691406213,0.9380149834525995
img_0281.jpg,14.304779639594855,101.1728060267034,57.73648674011231,14.3047747,101.1728003,58.23,-0.6177282985948397,-0.5498731840741607,0.8270119524219289,0.4935132598876848,0.9630701465281231
img_0282.jpg,14.304772525530916,101.17279468406151,58.42923278808594,14.3047749,101.1728,58.52,0.5734198994653471,0.2643246892881591,0.6314094729018013,0.09076721191406278,0.6379001561598672
img_0283.jpg,14.304771277601072,101.17279771049058,58.738770751953126,14.3047741,101.1727979,58.72,0.020442011191666245,0.3141880114697708,0.31485231835400074,0.018770751953127274,0.3154113560127074
img_0284.jpg,14.304763220038108,101.17278627566188,58.505223770141605,14.3047717,101.1727933,58.83,0.757701652102773,0.9439850397408861,1.2104625350889109,0.3247762298583936,1.2532753681194349
img_0285.jpg,14.304766912811486,101.1727944700022,58.661850280761726,14.3047681,101.1727883,58.9,-0.6655461038350448,0.13215722092160936,0.6785404537474027,0.23814971923827244,0.7191192085774091
img_0286.jpg,14.30476930863052,101.1727866091507,59.08842247009278,14.3047667,101.1727863,58.92,-0.033347483680050985,-0.2903914212080947,0.29229990109312104,0.16842247009277855,0.3373505011278347
img_0287.jpg,14.304766522123977,101.1727880861067,58.941531143188485,14.3047661,101.1727853,58.98,-0.3005318976803826,-0.04699062613366691,0.3041833993955061,0.03846885681151235,0.306606251423859
img_0288.jpg,14.304763253537145,101.17278086993696,58.81307632446289,14.3047655,101.1727851,59.03,0.45628865598645046,0.25007510118667536,0.5203238355250001,0.21692367553711023,0.5637311192616359
img_0289.jpg,14.304768061860306,101.172785767101,58.9188038635254,14.3047654,101.1727852,59.09,-0.06117207867219949,-0.2963169337720241,0.30256527964908975,0.17119613647460596,0.34764042571738374
img_0290.jpg,14.304766909692413,101.17278886228787,59.06654533386231,14.304766,101.1727855,59.14,-0.36268343622231236,-0.1012664960896374,0.3765556773443957,0.07345466613769247,0.3836531846833759
img_0291.jpg,14.304765822153982,101.17278040326325,59.10191886901856,14.3047644,101.1727835,59.17,0.33403895646002063,-0.15831345712073003,0.3696554816831705,0.0680811309814402,0.3758726054584569
img_0292.jpg,14.304763668893507,101.17278257360287,58.61259315490723,14.3047596,101.1727766,59.16,-0.644360906806084,-0.45294715324345736,0.7876306887439765,0.547406845092766,0.9591748307298968
img_0293.jpg,14.304746315939258,101.17275978618142,58.12538246154786,14.3047519,101.1727667,59.0,0.7457801861588292,0.6216147982373922,0.9708723105819893,0.8746175384521422,1.3067321385895792
img_0294.jpg,14.304741880713836,101.17274666644204,56.55486782073975,14.3047423,101.1727543,58.83,0.823417100851694,0.04667472217545977,0.8247388990857439,2.275132179260247,2.4200042737091696
img_0295.jpg,14.304731199435189,101.17273678981223,57.74913322448731,14.3047317,101.1727402,58.63,0.367850362629812,0.0557226198622747,0.3720469051762153,0.8808667755126933,0.956213980159948
img_0296.jpg,14.304722418444408,101.1727257499345,57.62812149047852,14.3047244,101.1727309,58.44,0.5555276299551846,0.22058575943686803,0.5977198548734718,0.8118785095214776,1.0081744586790424
img_0297.jpg,14.304719723327215,101.17271980276112,58.22428253173828,14.3047219,101.1727275,58.34,0.8302863163220308,0.24230610606377934,0.864920583699682,0.11571746826172102,0.8726271532380259
img_0298.jpg,14.30472306395774,101.1727239958197,58.07282234191895,14.3047211,101.172726,58.46,0.21618706384707237,-0.21862677550599754,0.3074646541359966,0.3871776580810504,0.4944098021480711
img_0299.jpg,14.304725384049958,101.17272300548797,57.572823448181154,14.3047212,101.172726,58.68,0.3230122355589364,-0.4657663107843982,0.5668113977175214,1.1071765518188457,1.2438308074171338
img_0300.jpg,14.304719379216095,101.1727194904238,58.556168518066414,14.3047214,101.1727263,58.81,0.7345358559428513,0.224952635269424,0.7682100049988646,0.25383148193358807,0.8090593507283362
img_0301.jpg,14.304721787745825,101.17272752029152,58.83939491271973,14.3047217,101.1727263,58.97,-0.13163049324253795,-0.009767820539120934,0.1319924129234643,0.13060508728026576,0.1856870644198032
img_0302.jpg,14.30472160866395,101.17272816573433,58.39179237365723,14.3047221,101.1727268,59.15,-0.14731912723446267,0.05469527880307814,0.15714483374413,0.7582076263427666,0.7743211887949358
img_0303.jpg,14.304724348187,101.17272596982754,56.92930667877197,14.3047227,101.1727263,59.12,0.03561506566850325,-0.1834753375958991,0.18690005994782596,2.190693321228025,2.1986516004318593
img_0304.jpg,14.304725247241102,101.17271530737126,57.17040462493897,14.3047266,101.1727236,59.08,0.8945098526169123,0.15058843176669778,0.9070968813807505,1.9095953750610306,2.1140906434363598
img_0305.jpg,14.304737930279304,101.17269238055914,58.50217422485352,14.3047369,101.172716,59.1,2.5477833569322,-0.11469016745702622,2.550363477697253,0.5978257751464824,2.6194941354775962
img_0306.jpg,14.304752537965127,101.17269116782774,56.54621742248536,14.3047542,101.1727028,59.06,1.2547398124091922,0.18501687567580108,1.2683072345175241,2.5137825775146396,2.8156182426148675
img_0307.jpg,14.304785140306558,101.17267000407976,58.27604507446289,14.3047763,101.1726853,59.04,1.649940984488618,-0.98409842448188,1.921133769773198,0.7639549255371065,2.0674578809773574
img_0308.jpg,14.304807153239132,101.17264253270343,58.94718078613281,14.3048021,101.1726654,59.21,2.4666502709283136,-0.5625240070336223,2.5299796081312347,0.2628192138671892,2.5435940628837854
img_0309.jpg,14.30486665888145,101.17261741559123,58.19858200073242,14.3048575,101.1726219,59.54,0.48372422291014366,-1.0195620191177048,1.128492726896099,1.341417999267577,1.7529683634955944
img_0310.jpg,14.304890253452587,101.17259337884671,59.16244758605957,14.3048849,101.1726007,59.45,0.7897181037732152,-0.5959436160706626,0.9893449736884196,0.28755241394043196,1.030286303764885
img_0311.jpg,14.30490085496422,101.1725876451081,58.36323265075684,14.304903,101.1725866,59.03,-0.1127337040452035,0.23878429067633145,0.2640583751778199,0.666767349243159,0.7171509767951927
img_0312.jpg,14.304911013845924,101.17258222995572,58.658787765502936,14.3049116,101.1725791,58.9,-0.3376220035580321,0.06525037330984715,0.3438694934180907,0.24121223449706264,0.4200352015899147
img_0313.jpg,14.30491455906914,101.17257348492264,59.226036071777344,14.304915,101.1725756,59.13,0.2281491204087928,0.04908419879065986,0.23336940612305387,0.09603607177734119,0.25235729986796396
img_0314.jpg,14.304915815027291,101.17257950075413,58.62985305786133,14.3049164,101.1725752,59.32,-0.46391365247997884,0.06511886403762565,0.4684616776331501,0.6901469421386679,0.8341217807695824
img_0315.jpg,14.304915040728616,101.17257465380204,59.65261825561524,14.3049167,101.1725754,59.53,0.0804908648195242,0.18470924548826567,0.2014851971938368,0.12261825561523665,0.23586335302111439
img_0316.jpg,14.304916688477707,101.1725845757536,58.985224609375,14.3049169,101.1725759,60.06,-0.935835997832362,0.023546553949783555,0.9361321781894919,1.0747753906249997,1.4253019312885686
img_0317.jpg,14.304915862075896,101.1725751285608,60.448602066040046,14.3049161,101.1725758,60.61,0.07242679010303564,0.02648559005240157,0.07711761410373803,0.16139793395995383,0.178875430094786
img_0318.jpg,14.304914941189304,101.17257208569572,60.56112739562988,14.3049157,101.1725755,61.12,0.36829410025432496,0.08447042029338042,0.3778568461556349,0.5588726043701158,0.6746216599710679
img_0319.jpg,14.304915363052476,101.1725747517646,61.218029556274416,14.304916,101.172576,61.22,0.13464462987154127,0.07090467404011933,0.15217308945401586,0.001970443725582527,0.15218584626191622
img_0320.jpg,14.304916043837183,101.1725776236889,61.32647499084473,14.3049159,101.1725762,61.4,-0.15357044332070882,-0.016011882073482454,0.15440291910859116,0.0735250091552686,0.17101517008890316
img_0321.jpg,14.304919488435475,101.17257594634128,61.71684150695801,14.3049156,101.1725766,62.16,0.07050884372398024,-0.43285865715184146,0.438563694478451,0.4431584930419845,0.6234802034305746
img_0322.jpg,14.304916172085209,101.17257504390524,63.12828918457032,14.3049155,101.1725761,63.11,0.11391880668705508,-0.07481618321545982,0.13628996950594666,0.018289184570321027,0.13751163609011108
img_0323.jpg,14.304909052304678,101.17257770175397,63.09046157836914,14.3049155,101.1725757,63.88,-0.2159251572296046,0.7177541599967092,0.7495296576635319,0.7895384216308656,1.0886531251728302
img_0324.jpg,14.304909107166043,101.17257658940686,63.211670074462894,14.304915,101.1725761,63.91,-0.05279132925425231,0.655987275301399,0.6581080684825131,0.6983299255371023,0.9595680875802608
img_0325.jpg,14.304906415998584,101.1725794107698,63.49475784301758,14.3049119,101.1725791,63.89,-0.03352211172892267,0.6104762451981115,0.6113959256700613,0.3952421569824196,0.7280256455524535
img_0326.jpg,14.304888863378356,101.17258277093384,63.05298812866212,14.3049049,101.1725855,63.83,0.2943788735175391,1.7851885555483968,1.8092974050814383,0.7770118713378764,1.9690872373347035
img_0327.jpg,14.304886613959797,101.17260220717311,62.75545280456543,14.3048939,101.1725959,63.73,-0.6803420896550436,0.8110782853161331,1.0586374940779064,0.9745471954345675,1.4389077732769846
img_0328.jpg,14.304874895806597,101.1726110412668,62.82702842712403,14.3048796,101.172609,63.42,-0.22018736189822188,0.5236684141945321,0.5680766518390933,0.5929715728759746,0.821173774912303
img_0329.jpg,14.304857201991894,101.17261700517469,62.055852050781255,14.3048624,101.1726248,62.74,0.8408122570129911,0.5786396154683208,1.0206806827468646,0.6841479492187474,1.2287585086390342
img_0330.jpg,14.304821947018064,101.17263808708066,59.079162483215335,14.3048431,101.1726424,61.95,0.4652260628308426,2.354739177757562,2.4002566289468805,2.8708375167846683,3.7420502311676422
img_0331.jpg,14.30480706585982,101.17265954962345,60.74249015808106,14.3048222,101.1726607,61.12,0.12408884840842786,1.6847247785497523,1.689288495716123,0.3775098419189362,1.7309561815668535
img_0332.jpg,14.30478794680506,101.17267862400874,58.49415069580078,14.3048,101.1726814,60.28,0.2994407277366143,1.341755523142778,1.3747627552823733,1.7858493041992176,2.2537147935398596
img_0333.jpg,14.304763714226656,101.1727040633016,59.09494293212891,14.304777,101.1727028,59.39,-0.13626987766044754,1.4789655234151313,1.4852301165166921,0.29505706787109176,1.514254659001871
img_0334.jpg,14.304741798143016,101.17272490002962,56.79487373352051,14.3047539,101.172724,58.42,-0.0970844479938744,1.3471725570220905,1.3506662387265453,1.6251262664794908,2.1131338505729547
img_0335.jpg,14.304723125731991,101.1727377591912,55.27289478302002,14.3047304,101.1727456,57.45,0.8457729059571034,0.8097678106871825,1.1709208836109444,2.1771052169799816,2.472011901564733
img_0336.jpg,14.304699166209303,101.17276694632103,56.00333061218262,14.3047077,101.1727663,56.51,-0.06971740842238319,0.9499772348506053,0.9525320276880643,0.5066693878173751,1.0789027446080435
img_0337.jpg,14.304684194498538,101.17277731371912,55.134607086181646,14.3046881,101.1727846,55.7,0.7859571910267614,0.4347584340185426,0.8981890681125732,0.5653929138183571,1.0613259391313041
img_0338.jpg,14.30467393631397,101.17278995046968,53.43110950469971,14.3046789,101.1727926,54.97,0.2857997832105073,0.5525550014385977,0.622092071720884,1.5388904953002864,1.6598742428941846
img_0339.jpg,14.30467038068733,101.17279641876898,52.52322380065918,14.3046731,101.1727947,54.32,-0.1854003370072959,0.3027125017490075,0.3549762579068659,1.796776199340819,1.8315056249422768
img_0340.jpg,14.30466088952634,101.17278798359628,53.41429012298585,14.3046639,101.1727912,53.7,0.3469473587631604,0.3351243947446643,0.4823700132737428,0.2857098770141562,0.5606344294896229
img_0341.jpg,14.304650084368156,101.1727772246861,51.923525695800784,14.3046534,101.1727814,53.14,0.4503831990652293,0.36909444850395945,0.5823021019339291,1.2164743041992168,1.3486606210213303
img_0342.jpg,14.304645362472336,101.1727716262564,52.17266399383545,14.3046432,101.1727706,52.6,-0.11070033677960751,-0.24072531933245309,0.26495894763308153,0.4273360061645519,0.5028114021136554
img_0343.jpg,14.304638985095878,101.17276403460386,51.85825382232666,14.3046371,101.1727637,52.21,-0.036093085886075675,-0.20984791309411074,0.2129292311514159,0.35174617767334126,0.4111742100211769
img_0344.jpg,14.304630327628931,101.17274836156882,51.73376457214356,14.3046294,101.1727547,52.2,0.6837146269675377,-0.10326318034315508,0.6914687090128824,0.46623542785643934,0.8339690939911498
img_0345.jpg,14.304609004555235,101.1727244714088,53.770979728698734,14.3046213,101.1727451,52.73,2.2251674061199096,1.3687226503658465,2.612426396835495,1.040979728698737,2.8121896227752106
img_0346.jpg,14.30459646576616,101.17271548761076,53.29863224029541,14.3045989,101.1727173,54.02,0.1954990403929353,0.27097767157128794,0.33413885330017423,0.7213677597045915,0.7949969924634789
img_0347.jpg,14.30457376531179,101.1726837270664,55.14089073181152,14.3045846,101.1726994,54.77,1.690610194688443,1.2061119744106443,2.0767447905800145,0.3708907318115138,2.1096039581269532
img_0348.jpg,14.304582209060133,101.1726921011462,54.96893032073975,14.3045682,101.1726803,55.72,-1.2729677122686955,-1.5594814404289543,2.013064618814049,0.7510696792602474,2.148612301608888
img_0349.jpg,14.304546143952198,101.17265104483428,56.95928131103516,14.3045522,101.1726595,56.83,0.9120431200269297,0.6741561575278557,1.1341557113206187,0.1292813110351645,1.141500256199774
img_0350.jpg,14.3045364934669,101.17263383123804,56.459977340698245,14.304537,101.1726403,57.14,0.6977734512812337,0.056387006751783667,0.7000480582383969,0.6800226593017555,0.9759600919131792
img_0351.jpg,14.30453024086026,101.17263214660814,57.03659637451172,14.3045286,101.1726315,57.1,-0.0697484330994416,-0.1826597286184019,0.1955234522474875,0.06340362548828438,0.20554668594709607
img_0352.jpg,14.30452758481682,101.17263086374888,57.07586753845215,14.3045257,101.1726277,57.31,-0.34126778580380673,-0.20981684863571637,0.4006080523390113,0.23413246154785128,0.4640095054514639
img_0353.jpg,14.30453671591562,101.17263117095764,57.0750382232666,14.3045252,101.1726259,57.52,-0.5685685187060231,-1.2819458628598888,1.4023748984373419,0.4449617767334004,1.4712737129850753
img_0354.jpg,14.304526173366892,101.1726350850333,57.825066070556645,14.3045255,101.1726257,58.06,-1.0123463265441752,-0.07495885943821727,1.0151176855299904,0.23493392944335767,1.0419490710583992
img_0355.jpg,14.304525666127718,101.1726319584802,59.15964653015137,14.3045254,101.1726266,59.31,-0.5780094294633416,-0.02962520216205563,0.5787681341881913,0.15035346984863196,0.5979788617060001
img_0356.jpg,14.304529847611558,101.17262807096613,61.26836128234864,14.3045256,101.1726271,61.91,-0.10473633404754941,-0.4728419557779841,0.48430281313829776,0.6416387176513538,0.8038964229320483
img_0357.jpg,14.30452586627345,101.17262412039852,62.41545845031739,14.3045256,101.1726269,63.27,0.2998305120101724,-0.029641424811422037,0.3012921339781929,0.8545415496826152,0.9061005518876473
img_0358.jpg,14.304526116492966,101.17262565751734,64.39647979736328,14.3045257,101.1726264,65.31,0.08009024190542201,-0.04636378493167059,0.09254213851894291,0.9135202026367182,0.9181956262295577
img_0359.jpg,14.30452819828134,101.17262632094582,65.65028205871582,14.3045254,101.1726265,65.85,0.019314246173648304,-0.31150325386260264,0.312101453492683,0.1997179412841774,0.37053282357037615
img_0360.jpg,14.304525603139007,101.17262705170836,65.93388679504395,14.3045249,101.1726269,65.91,-0.016364502878650815,-0.0782730761687967,0.0799654388307325,0.02388679504394986,0.08345687739703235
img_0361.jpg,14.30452467388108,101.172625994346,66.0394009399414,14.304525,101.1726271,65.99,0.11926486850456224,0.036303392147292966,0.12466773897368419,0.04940093994140682,0.1340988367134672
img_0362.jpg,14.304526430586678,101.17262841624408,65.95020889282227,14.3045255,101.1726269,65.99,-0.1635544676697689,-0.10359243512712342,0.19360128230543505,0.039791107177720164,0.19764814373208156
img_0363.jpg,14.304530382633864,101.17262421966248,65.9533683013916,14.3045285,101.172625,65.95,0.0841735749481416,-0.20957384308112487,0.22584593514903556,0.003368301391603268,0.22587105143777733
img_0364.jpg,14.304546026481464,101.17261849677654,65.93063186645509,14.3045423,101.1726191,65.6,0.06506860374779336,-0.41483001910527767,0.41990221235970215,0.3306318664550929,0.5344485934682126
img_0365.jpg,14.304592413419254,101.1726167063657,64.89721412658692,14.3045815,101.1726053,65.6,-1.2303834089654693,-1.2148762742268153,1.7290944724730084,0.7027858734130774,1.8664607358864245
img_0366.jpg,14.30460827666024,101.17260055003844,65.78525764465331,14.3046121,101.1725952,65.64,-0.5770986149579015,0.4256122352512685,0.71706944306804,0.14525764465331292,0.7316340407007708
img_0367.jpg,14.304648859449966,101.17258308525228,65.63032653808594,14.3046478,101.1725834,65.39,0.03395123944682051,-0.11793743073371575,0.12272703136654672,0.24032653808593807,0.2698495305469646
img_0368.jpg,14.30468805855096,101.1725779301366,64.54265182495118,14.3046875,101.1725697,64.73,-0.8877690974522551,-0.06217760846601743,0.8899438327140339,0.18734817504882528,0.9094500338555547
img_0369.jpg,14.304861811344033,101.17252809485228,62.45265731811524,14.3048536,101.1725132,63.18,-1.6066780190259582,-0.9140826365009845,1.8485024541973865,0.7273426818847568,1.9864512830837486
img_0370.jpg,14.30492412228547,101.17248504750307,65.04407745361328,14.304916,101.1724902,64.87,0.5557894161719426,-0.9041686825958098,1.0613307126978804,0.17407745361327898,1.0755118974573334
img_0371.jpg,14.304942017005285,101.1724780311669,65.337533493042,14.3049393,101.1724797,65.24,0.1800136320179003,-0.3024556448807704,0.35197205120935204,0.09753349304200754,0.36523568705357107
img_0372.jpg,14.304958843231285,101.17247645983504,65.276561126709,14.3049569,101.1724721,65.48,-0.47028650423687146,-0.21631951706509356,0.5176519385944693,0.20343887329100596,0.5561932260433655
img_0373.jpg,14.30496289658327,101.17247064800308,65.575435256958,14.3049641,101.1724688,65.69,-0.19934031392577486,0.1339637375759464,0.24017252911468356,0.1145647430419956,0.2660975837726115
img_0374.jpg,14.30496309475362,101.17247147518908,65.66432220458984,14.3049671,101.1724681,65.76,-0.3640747428168129,0.44586198751096623,0.575624296103246,0.09567779541016819,0.5835216969392889
img_0375.jpg,14.30496505860796,101.17246699143344,65.83122077941894,14.3049685,101.1724684,65.77,0.1519391928377078,0.383094009389735,0.4121244209586184,0.06122077941894588,0.4166467594775456
img_0376.jpg,14.304965015688309,101.17246789152696,65.76143905639648,14.3049685,101.1724682,65.8,0.03327435498032479,0.38787180317676045,0.38929644025979515,0.03856094360351392,0.39120156539888956
img_0377.jpg,14.304967450995052,101.17246849401388,65.69440948486329,14.3049677,101.1724685,65.71,0.0006457093687955482,0.027719104040435608,0.027726623836908885,0.01559051513670795,0.03180927273015471
img_0378.jpg,14.304963980205038,101.17246933305972,65.19121559143068,14.3049647,101.17247,65.37,0.0719414842197719,0.08012720857999125,0.10768447755626206,0.17878440856932798,0.20870987387770973
img_0379.jpg,14.304959360530688,101.17247533520089,65.00124969482422,14.3049603,101.172473,64.96,-0.2518933496124219,0.10458124534248969,0.2727407128691128,0.04124969482423069,0.2758424075073374
img_0380.jpg,14.304941472467435,101.17248782253992,63.55396011352539,14.3049489,101.1724831,64.04,-0.5094107679433781,0.8268291428869846,0.9711569193615867,0.4860398864746145,1.085992879013552
img_0381.jpg,14.304947459862309,101.17248635695783,62.595729980468754,14.3049451,101.1724875,63.43,0.12329763124035442,-0.262698670593514,0.29019458540965576,0.834270019531246,0.8833002676835028
img_0382.jpg,14.30494244931917,101.17249440899488,61.94695030212402,14.3049441,101.1724887,62.97,-0.6158176604159551,0.18375294938624454,0.6426480664316391,1.023049697875976,1.2081503307173533
img_0383.jpg,14.304933344986429,101.17249423116792,62.89643218994141,14.304941,101.1724904,62.52,-0.4132602984959372,0.8521522126930544,0.9470731058955372,0.37643218994140426,1.0191411391631195
img_0384.jpg,14.304927682250783,101.17249717433336,62.41661781311036,14.3049325,101.1724933,61.98,-0.417916480269967,0.5363093895456799,0.6799131898971348,0.4366178131103666,0.8080328338139338
img_0385.jpg,14.304909846581944,101.17251304116384,61.51171524047852,14.3049201,101.1724966,61.14,-1.7734751111216487,1.1414052768776668,2.109032948024311,0.37171524047852245,2.141539678795638
img_0386.jpg,14.304875299378192,101.17253357471184,58.05235626220704,14.3048702,101.1725139,57.61,-2.1222717968285023,-0.567660183762195,2.1968786183680247,0.44235626220704205,2.2409718263638183
img_0387.jpg,14.30482643716345,101.17253367348069,56.01907836914063,14.3048307,101.1725265,55.52,-0.7737891592551707,0.4745367940285202,0.9077085610853795,0.4990783691406264,1.0358639150060964
img_0388.jpg,14.304803013745252,101.17256503523988,54.8805020904541,14.3048084,101.1725353,54.42,-3.2074817825358815,0.5995951359287038,3.2630436270955516,0.4605020904540993,3.295377958238097
img_0389.jpg,14.304776525016678,101.17253781521192,52.14827709197999,14.3047851,101.1725464,53.28,0.9260242906240287,0.9545627770235099,1.329928976338424,1.1317229080200093,1.746284004004456
img_0390.jpg,14.304734758703832,101.17256002868632,50.27992092132568,14.3047371,101.1725655,51.05,0.5901800184687359,0.260631897273154,0.6451677611877096,0.7700790786743141,1.004620937213555
img_0391.jpg,14.304730393176111,101.17257398906932,49.03887912750245,14.304724,101.1725708,49.97,-0.34399874884722653,-0.7116851092476802,0.7904624177867913,0.9311208724975515,1.2213995714482389
img_0392.jpg,14.30469763944616,101.17258039857865,48.3181330871582,14.3047079,101.1725787,48.67,-0.1832224179839662,1.1421996288632263,1.1568018182157143,0.3518669128417997,1.2091322388308074
img_0393.jpg,14.304708799080847,101.17258246211672,48.24499744415283,14.3046994,101.1725841,47.95,0.1766753238201781,-1.0463008938085405,1.061112496595679,0.2949974441528269,1.1013551754489626
img_0394.jpg,14.304661625028832,101.17259335947828,47.88772926330567,14.3046898,101.1725924,47.27,-0.10349709347585023,3.136423443601703,3.13813060052196,0.6177292633056695,3.1983516236768716
img_0395.jpg,14.304684628454892,101.1726094278752,46.49554731369019,14.3046784,101.1726042,46.5,-0.563920917509774,-0.6933484269394483,0.8937219043664939,0.004452686309811327,0.893732996347257
img_0396.jpg,14.304672150598448,101.17262852337028,45.86481182098389,14.3046666,101.1726194,45.78,-0.9841205865870115,-0.6178897928763561,1.1620159745395713,0.08481182098388729,1.1651069350337557
img_0397.jpg,14.304628353554502,101.17269644083738,45.74196887969971,14.3046297,101.1727036,45.01,0.772245384091505,0.14988562714243395,0.786656617892786,0.7319688796997141,1.0745264423565253
img_0398.jpg,14.30463587681753,101.17271459083094,49.482374649047856,14.3046284,101.1727049,49.57,-1.045331661101895,-0.832315520143763,1.3362138327282156,0.08762535095214474,1.339083869256782
img_0399.jpg,14.30463288487496,101.17271425537724,51.60032196044922,14.3046279,101.1727059,50.83,-0.9012787966596859,-0.5549137423056958,1.0584104736386744,0.7703219604492233,1.3090563981197976
img_0400.jpg,14.304635121365576,101.17272195846692,51.5064892578125,14.3046277,101.1727146,51.68,-0.7937439545630157,-0.8261426370431956,1.1456618707742783,0.17351074218750284,1.1587264991362185
img_0401.jpg,14.304627757358318,101.17273146102283,52.39344879150391,14.3046288,101.1727295,52.34,-0.2115318390467315,0.11606634105739407,0.24128222988223488,0.05344879150390369,0.2471313168543627
img_0402.jpg,14.304631176599656,101.17278005749726,53.10315841674805,14.3046323,101.1727724,53.65,-0.825999793191806,0.12505635418615207,0.8354129218986494,0.5468415832519469,0.9984740693922576
img_0403.jpg,14.304634792320044,101.17279155631029,54.11438411712647,14.3046351,101.1727928,54.09,0.13415446231742828,0.03425077604921432,0.13845770263749038,0.024384117126466265,0.1405884795695897
img_0404.jpg,14.304635769984955,101.1728023068914,53.78320674896241,14.3046374,101.1728023,54.23,-0.0007433620588072608,0.18145244486224726,0.1814539675334694,0.44679325103759027,0.4822341251989292
img_0405.jpg,14.304638369742506,101.17280797497013,54.26856510162354,14.3046387,101.1728101,54.3,0.2292229599162057,0.036764096089568585,0.23215245877231086,0.031434898376460296,0.23427103310048358
img_0406.jpg,14.304638070039989,101.17281312128708,54.36469024658203,14.304639,101.1728141,54.36,0.10557191418312978,0.10352267490712097,0.1478593023256081,0.004690246582029545,0.14793367330400412
img_0407.jpg,14.304638854226353,101.17281455116444,54.34435291290284,14.3046388,101.1728156,54.41,0.1131359121383304,-0.006036450024189067,0.11329683730919654,0.06564708709715461,0.13094164115592852
img_0408.jpg,14.304636650262934,101.17281471818116,54.16486118316651,14.3046384,101.1728194,54.41,0.5050189582800406,0.1947798392479461,0.5412793493194739,0.2451388168334887,0.594202300162357
img_0409.jpg,14.304639285004006,101.17281811471052,54.06136932373048,14.3046383,101.1728219,54.43,0.4083120269070645,-0.10965014431842486,0.42277874292117235,0.3686306762695182,0.5609192820298916
img_0410.jpg,14.304657575241064,101.17281941420735,53.79097366333008,14.3046381,101.1728204,54.42,0.10633558733125567,-2.1679739183508633,2.1705801454410008,0.6290263366699236,2.259887674201322
img_0411.jpg,14.304636451113716,101.17279364216408,54.17938301086426,14.3046371,101.1728051,54.31,1.2359351320423717,0.07223369084545486,1.238044165896254,0.1306169891357456,1.2449153202369383
img_0412.jpg,14.304643140939024,101.1727935887007,53.76428413391113,14.3046396,101.1727952,54.28,0.1738078099017392,-0.3941755291551715,0.4307940372934595,0.5157158660888683,0.6719719913087078
img_0413.jpg,14.304647638360196,101.17278629468446,53.34314800262452,14.3046457,101.1727869,54.01,0.06529424271034198,-0.21577726998240213,0.22543994404757892,0.6668519973754812,0.7039280892078709
img_0414.jpg,14.304652328360724,101.17278057116408,52.91163711547852,14.3046556,101.1727798,53.27,-0.0831840074159197,0.3641972182565674,0.37357622097183,0.35836288452148324,0.517670889540982
img_0415.jpg,14.3046664162036,101.17277494543436,52.34840438842774,14.3046686,101.1727739,52.48,-0.11276901545628693,0.24309910311335142,0.2679813888714963,0.13159561157225852,0.2985488733299338
img_0416.jpg,14.30467206168256,101.1727722926767,52.40960899353028,14.3046756,101.1727706,51.85,-0.18258580918860448,0.39388369567828146,0.43414507188063134,0.5596089935302757,0.7082684301013329
img_0417.jpg,14.30467768219248,101.17276960318029,51.498307914733886,14.3046816,101.1727701,51.26,0.05359099392467209,0.4361283381726938,0.43940860481687183,0.23830791473388757,0.49987056745914105
img_0418.jpg,14.304679970144049,101.17276645909132,50.87329429626465,14.304685,101.1727687,50.66,0.24172254051211134,0.5599210031633128,0.6098699175849223,0.21329429626465668,0.6460926970598531
img_0419.jpg,14.30468807434303,101.17276004272554,48.62007396697999,14.304696,101.1727655,49.5,0.5886657488614293,0.882280098083814,1.0606344965903056,0.8799260330200127,1.378120226592625
img_0420.jpg,14.304704870201578,101.1727667813109,48.73232433319092,14.3047091,101.1727632,48.9,-0.38630912475179574,0.47085900656514634,0.6090508549620589,0.16767566680908175,0.6317104345899988
img_0421.jpg,14.304717080899142,101.1727685041083,48.36509269714355,14.3047231,101.1727668,48.36,-0.18381887727284318,0.6700432426152687,0.6948002062580526,0.005092697143552982,0.694818870052065
img_0422.jpg,14.304762739427233,101.17279463208769,46.79237764358521,14.3047616,101.1727879,47.04,-0.7261771849436769,-0.12684045922636364,0.7371714902446226,0.24762235641478725,0.777649430930088
img_0423.jpg,14.304787367465996,101.17280348482907,45.90545316696167,14.3047874,101.172803,46.31,-0.05229756182057503,0.0036216687515467395,0.05242281427892629,0.4045468330383315,0.40792927276461355
img_0424.jpg,14.304819238487688,101.17282697732072,45.37781072616578,14.3048121,101.1728179,45.64,-0.9791526717995533,-0.7946528145693482,1.2610364984389584,0.26218927383422397,1.2880047615241594
img_0425.jpg,14.3048290114304,101.1728314512542,44.73403537750245,14.304829,101.1728278,44.93,-0.39385356150686396,-0.0012724262783791246,0.3938556169210679,0.19596462249754865,0.4399140600741033
img_0426.jpg,14.30484094232008,101.17283490251158,44.591592197418215,14.3048381,101.172834,44.54,-0.09735213339153649,-0.31640562404740225,0.33104373850702806,0.0515921974182163,0.3350398657460777
img_0427.jpg,14.30485678859703,101.17284622093656,44.17930053710938,14.3048488,101.1728422,44.36,-0.4337304191522911,-0.8892865535440961,0.9894203610257666,0.18069946289062244,1.0057857359802422
img_0428.jpg,14.304859636372033,101.17285322139476,44.43697889328004,14.3048623,101.1728516,44.21,-0.17489661741092097,0.2965137089581887,0.34425166140764446,0.22697889328004095,0.41234527325598835
img_0429.jpg,14.304876262024123,101.17286576538632,44.11554782867432,14.3048769,101.1728604,44.0,-0.5787534758008204,0.07101914971836205,0.5830945938509892,0.11554782867432323,0.5944330122811154
img_0430.jpg,14.304884812856566,101.17287081436494,43.71778619766236,14.3048858,101.1728649,43.6,-0.6379706766800635,0.10988830437514249,0.6473654483690507,0.11778619766236176,0.6579936261863173
img_0431.jpg,14.304890559605374,101.17286747645616,43.281406269073486,14.3048937,101.172871,43.21,0.38007759053218526,0.34958713057097834,0.5164011393147789,0.07140626907348491,0.5213146765137124
img_0432.jpg,14.30489617859345,101.17287762070906,43.16970628738404,14.3049026,101.1728801,42.78,0.26743612109947196,0.7148277072787306,0.7632173543376081,0.3897062873840369,0.8569549115261244
img_0433.jpg,14.30490920782455,101.17290466967302,45.041097030639655,14.304907,101.1728842,42.36,-2.2080223213361894,-0.24577390474896577,2.221658701010217,2.6810970306396555,3.4819604638018484
img_0434.jpg,14.30490722288922,101.17288114555612,42.49908576965332,14.3049121,101.1728868,41.99,0.6099334468475176,0.5429174884866436,0.8165648834525877,0.5090857696533178,0.9622611546516097
img_0435.jpg,14.304929150839872,101.17290261141645,41.77789564132691,14.3049302,101.1729013,41.15,-0.14145983144398347,0.11679197117217294,0.18344276612186666,0.6278956413269086,0.6541438563800562
img_0436.jpg,14.304945617335225,101.1729210470004,40.848713445663456,14.3049484,101.1729204,40.41,-0.06979061600588543,0.3097648259055155,0.317529490678827,0.4387134456634598,0.541566676279718
img_0437.jpg,14.304954849305334,101.17292882102316,40.267939162254336,14.3049573,101.1729291,40.08,0.0300926625161058,0.27281008229416837,0.27446476884776877,0.18793916225433804,0.3326440109900095
img_0438.jpg,14.304956936294394,101.17293220395416,40.03402364253998,14.3049607,101.1729329,39.9,0.07508104375329377,0.4189737916369359,0.42564797804020466,0.13402364253997945,0.44624941229025583
